{
    "$schema": "https://schema.management.azure.com/schemas/2019-04-01/deploymentTemplate.json#",
    "contentVersion": "1.0.0.0",
    "parameters": {
        "databaseAccounts_ewvtollboothdb_name": {
            "defaultValue": "ewvtollboothdb",
            "type": "String"
        }
    },
    "variables": {},
    "resources": [
        {
            "type": "Microsoft.DocumentDB/databaseAccounts",
            "apiVersion": "2020-09-01",
            "name": "[parameters('databaseAccounts_ewvtollboothdb_name')]",
            "location": "West Europe",
            "tags": {
                "defaultExperience": "Core (SQL)",
                "hidden-cosmos-mmspecial": "",
                "CosmosAccountType": "Production"
            },
            "kind": "GlobalDocumentDB",
            "properties": {
                "publicNetworkAccess": "Enabled",
                "enableAutomaticFailover": false,
                "enableMultipleWriteLocations": false,
                "isVirtualNetworkFilterEnabled": false,
                "virtualNetworkRules": [],
                "disableKeyBasedMetadataWriteAccess": false,
                "enableFreeTier": false,
                "enableAnalyticalStorage": false,
                "databaseAccountOfferType": "Standard",
                "consistencyPolicy": {
                    "defaultConsistencyLevel": "Session",
                    "maxIntervalInSeconds": 5,
                    "maxStalenessPrefix": 100
                },
                "locations": [
                    {
                        "locationName": "West Europe",
                        "provisioningState": "Succeeded",
                        "failoverPriority": 0,
                        "isZoneRedundant": false
                    }
                ],
                "cors": [],
                "capabilities": [
                    {
                        "name": "EnableServerless"
                    }
                ],
                "ipRules": [
                    {
                        "ipAddressOrRange": "104.42.195.92"
                    },
                    {
                        "ipAddressOrRange": "40.76.54.131"
                    },
                    {
                        "ipAddressOrRange": "52.176.6.30"
                    },
                    {
                        "ipAddressOrRange": "52.169.50.45"
                    },
                    {
                        "ipAddressOrRange": "52.187.184.26"
                    },
                    {
                        "ipAddressOrRange": "143.177.33.238"
                    }
                ],
                "backupPolicy": {
                    "type": "Periodic",
                    "periodicModeProperties": {
                        "backupIntervalInMinutes": 240,
                        "backupRetentionIntervalInHours": 8
                    }
                }
            }
        },
        {
            "type": "Microsoft.DocumentDB/databaseAccounts/notebookWorkspaces",
            "apiVersion": "2020-09-01",
            "name": "[concat(parameters('databaseAccounts_ewvtollboothdb_name'), '/default')]",
            "dependsOn": [
                "[resourceId('Microsoft.DocumentDB/databaseAccounts', parameters('databaseAccounts_ewvtollboothdb_name'))]"
            ]
        }
    ]
}