{
    "$schema": "https://schema.management.azure.com/schemas/2019-04-01/deploymentTemplate.json#",
    "contentVersion": "1.0.0.0",
    "parameters": {},
    "variables": {},
    "resources": [
        {
            "type": "Microsoft.ServiceBus/namespaces",
            "apiVersion": "2018-01-01-preview",
            "name": "az204svcbusewv",
            "location": "West Europe",
            "sku": {
                "name": "Standard",
                "tier": "Standard"
            },
            "properties": {
                "zoneRedundant": false
            }
        },
        {
            "type": "Microsoft.ServiceBus/namespaces/AuthorizationRules",
            "apiVersion": "2017-04-01",
            "name": "az204svcbusewv/RootManageSharedAccessKey",
            "location": "West Europe",
            "dependsOn": [
                "[resourceId('Microsoft.ServiceBus/namespaces', 'az204svcbusewv')]"
            ],
            "properties": {
                "rights": [
                    "Listen",
                    "Manage",
                    "Send"
                ]
            }
        },
        {
            "type": "Microsoft.ServiceBus/namespaces/networkRuleSets",
            "apiVersion": "2018-01-01-preview",
            "name": "az204svcbusewv/default",
            "location": "West Europe",
            "dependsOn": [
                "[resourceId('Microsoft.ServiceBus/namespaces', 'az204svcbusewv')]"
            ],
            "properties": {
                "defaultAction": "Deny",
                "virtualNetworkRules": [],
                "ipRules": []
            }
        },
        {
            "type": "Microsoft.ServiceBus/namespaces/queues",
            "apiVersion": "2018-01-01-preview",
            "name": "az204svcbusewv/az204-queue",
            "location": "West Europe",
            "dependsOn": [
                "[resourceId('Microsoft.ServiceBus/namespaces', 'az204svcbusewv')]"
            ],
            "properties": {
                "lockDuration": "PT1M",
                "maxSizeInMegabytes": 1024,
                "requiresDuplicateDetection": false,
                "requiresSession": false,
                "defaultMessageTimeToLive": "P10675199DT2H48M5.4775807S",
                "deadLetteringOnMessageExpiration": false,
                "enableBatchedOperations": true,
                "duplicateDetectionHistoryTimeWindow": "PT10M",
                "maxDeliveryCount": 10,
                "status": "Active",
                "autoDeleteOnIdle": "P10675199DT2H48M5.4775807S",
                "enablePartitioning": false,
                "enableExpress": false
            }
        },
        {
            "type": "Microsoft.ServiceBus/namespaces/topics",
            "apiVersion": "2018-01-01-preview",
            "name": "az204svcbusewv/az-204sbtopic",
            "location": "West Europe",
            "dependsOn": [
                "[resourceId('Microsoft.ServiceBus/namespaces', 'az204svcbusewv')]"
            ],
            "properties": {
                "defaultMessageTimeToLive": "P10675199DT2H48M5.4775807S",
                "maxSizeInMegabytes": 1024,
                "requiresDuplicateDetection": false,
                "duplicateDetectionHistoryTimeWindow": "PT10M",
                "enableBatchedOperations": true,
                "status": "Active",
                "supportOrdering": true,
                "autoDeleteOnIdle": "P10675199DT2H48M5.4775807S",
                "enablePartitioning": false,
                "enableExpress": false
            }
        }
    ]
}